<scene>
    <instance name="sphere" path="models/sphere"></instance>
    <instance name="box" path="models/box"></instance>
    <instance name="cylinder" path="models/cylinder"></instance>
    <instance name="cone" path="models/cone"></instance>
    <transform>
        <set>
            <translate>0 -36 0</translate>
            <scale>72 72 72</scale>
        </set>
        <group name="unit-height-humanoid">
            <transform>
                <set>
                    <scale>0.0125 0.0125 0.0125</scale>
                </set>
                <group>
                    <group name="lowerbody">
                        <transform name="leftleg">
                            <set>
                                <translate>5 0 0</translate>
                            </set>
                            <group name="leg">
                                <transform name="shin">
                                    <set>
                                        <scale>1 20 1</scale>
                                    </set>
                                    <object instanceof="cylinder">
                                        <material>
                                            <color>1 0 0</color>
                                        </material>
                                    </object>
                                </transform>
                                <transform>
                                    <set>
                                        <translate>0 21 0</translate>
                                    </set>
                                    <transform name="knee">
                                        <set>
                                            <scale>2 2 2</scale>
                                        </set>
                                        <object instanceof="sphere">
                                            <material>
                                                <color>0 1 0</color>
                                            </material>
                                        </object>
                                    </transform>
                                </transform>
                                <transform>
                                    <set>
                                        <translate>0 22 0</translate>
                                    </set>
                                    <transform name="thigh">
                                        <set>
                                            <scale>1 20 1</scale>
                                        </set>
                                        <object instanceof="cylinder">
                                            <material>
                                                <color>1 0 0</color>
                                            </material>
                                        </object>
                                    </transform>
                                </transform>
                                <transform>
                                    <set>
                                        <translate>0 42 0</translate>
                                    </set>
                                    <transform name="hip">
                                        <set>
                                            <scale>2 2 2</scale>
                                        </set>
                                        <object instanceof="sphere">
                                            <material>
                                                <color>0 1 0</color>
                                            </material>
                                        </object>
                                    </transform>
                                </transform>
                            </group>
                        </transform>
                        <transform name="rightleg">
                            <set>
                                <translate>-5 0 0</translate>
                            </set>
                            <group copyof="leg">
                            </group>
                        </transform>
                    </group>
					<group>
						<transform>
							<set>
								<translate>-10 1 0</translate>
								<rotate>-15 0 0 1</rotate>
							</set>
							<group>
								<transform>
									<group name="upperbody">
										<transform>
											<set>
												<translate>0 42 0</translate>
											</set>
											<group>
												<transform name="pelvis">
													<set>
														<translate>5 0 0</translate>
														<rotate>90 0 0 1</rotate>
														<scale>1 10 1</scale>
													</set>
													<object instanceof="cylinder">
														<material>
															<color>1 1 0</color>
														</material>
													</object>
												</transform>
												<transform name="torso">
													<set>
														<translate>0 2 0</translate>
														<scale>1 25 1</scale>
													</set>
													<object instanceof="cylinder">
														<material>
															<color>0 1 0</color>
														</material>
													</object>
												</transform>
												<transform name="shoulder">
													<set>
														<translate>10 27 0</translate>
														<rotate>90 0 0 1</rotate>
														<scale>1 20 1</scale>
													</set>
													<object instanceof="cylinder">
														<material>
															<color>1 1 0</color>
														</material>
													</object>
												</transform>
												<transform name="lefthand">
													<set>
														<translate>10 27 0</translate>
														<rotate>30 0 0 1</rotate>
													</set>
													<transform>
														<set>
														</set>
														<group>
															<transform>
																<set>
																	<translate>0 -10 0</translate>
																</set>
																<transform name="leftarm">
																	<set>
																		<scale>1 10 1</scale>
																	</set>
																	<object instanceof="cylinder">
																		<material>
																			<color>1 0 0</color>
																		</material>
																	</object>
																</transform>
															</transform>
															<transform>
																<set>
																	<translate>0 -11 0</translate>
																</set>
																<transform name="leftelbow">
																	<set>
																		<scale>2 2 2</scale>
																	</set>
																	<object instanceof="sphere">
																		<material>
																			<color>0 1 0</color>
																		</material>
																	</object>
																</transform>
															</transform>
															<transform>
																<set>
																	<translate>0 -12 0</translate>
																	<rotate>50 0 0 1</rotate>
																</set>
																<transform name="leftforearm">
																	<set>
																		<translate>0 -10 0</translate>
																		<scale>1 10 1</scale>
																	</set>
																	<object instanceof="cylinder">
																		<material>
																			<color>1 0 1</color>
																		</material>
																	</object>
																</transform>
															</transform>
														</group>
													</transform>
												</transform>
												<transform name="righthand">
													<set>
														<translate>-10 27 0</translate>
														<rotate>-160 0 0 1</rotate>
													</set>
													<transform name="righthand">
														<set>
														</set>
														<group>
															<transform>
																<set>
																	<translate>0 -10 0</translate>
																</set>
																<transform name="rightarm">
																	<set>
																		<scale>1 10 1</scale>
																	</set>
																	<object instanceof="cylinder">
																		<material>
																			<color>1 0 0</color>
																		</material>
																	</object>
																</transform>
															</transform>
															<transform>
																<set>
																	<translate>0 -11 0</translate>
																</set>
																<transform name="rightelbow">
																	<set>
																		<scale>2 2 2</scale>
																	</set>
																	<object instanceof="sphere">
																		<material>
																			<color>0 1 0</color>
																		</material>
																	</object>
																</transform>
															</transform>
															<transform>
																<set>
																	<translate>0 -12 0</translate>
																	<rotate>-50 0 0 1</rotate>
																</set>
																<transform name="rightforearm">
																	<set>
																		<translate>0 -10 0</translate>
																		<scale>1 10 1</scale>
																	</set>
																	<object instanceof="cylinder">
																		<material>
																			<color>1 0 1</color>
																		</material>
																	</object>
																</transform>
															</transform>
														</group>
													</transform>
												</transform>
											</group>
										</transform>
									</group>
								</transform>
								<transform>
									<group name="headneck">
										<transform>
											<set>
												<translate>0 70 0</translate>
											</set>
											<group>
												<transform name="neck">
													<set>
														<scale>1 5 1</scale>
													</set>
													<object instanceof="cylinder">
														<material>
															<color>1 0 0</color>
														</material>
													</object>
												</transform>
												<transform name="head">
													<set>
														<translate>0 8 0</translate>
														<scale>3.2 3.5 3.2</scale>
													</set>
													<object instanceof="sphere">
														<material>
															<color>1 1 0</color>
														</material>
													</object>
												</transform>
											</group>
										</transform>
									</group>
								</transform>
							</group>
						</transform>
					</group>
                </group>
            </transform>
        </group>
    </transform>
</scene>
