<scene>
    <instance name="sphere" path="models/sphere"></instance>
    <instance name="box" path="models/box"></instance>
    <instance name="cylinder" path="models/cylinder"></instance>
    <instance name="cone" path="models/cone"></instance>
    <image name="white" path="textures/whitetex.png" />    
    <image name="earth" path="textures/earthmap.png" />
    <image name="checker" path="textures/checkerboard.png" />
    <image name="metal" path="textures/metaltex.png" />
    <image name="walkertex" path="textures/walker.png" />

    <transform>
        <set>
            <translate>0 -36 0</translate>
            <scale>72 72 72</scale>
        </set>
        <group name="walker">
            <transform>
                <set>
                    <scale>0.0125 0.0125 0.0125</scale>
                </set>
                <group>
                    <group name="lowerbody">
                        <transform name="leftleg">
                            <set>
                                <translate>10 0 0</translate>
                            </set>
                            <group>
								<transform name="leftlowerleg">
									<group>
										<transform name="leftfoot">
											<set>
												<translate>0 21 -2</translate>
												<scale>5 2 10</scale>
											</set>
											<object instanceof="box">
												<material>
													<ambient>0.2 0.2 0.2</ambient>
													<diffuse>0.1 0.1 0.1</diffuse>
													<specular>0.4 0.4 0.4</specular>
													<shininess> 30 </shininess>
												</material>
											</object>
										</transform>
										<transform name="leftankle">
											<set>
												<translate>0 23 -8</translate>
												<scale>3 3 3</scale>
											</set>
											<object instanceof="sphere">
												<material>
													<ambient>0.2 0.2 0.2</ambient>
													<diffuse>0.1 0.1 0.1</diffuse>
													<specular>0.4 0.4 0.4</specular>
													<shininess> 30 </shininess>
												</material>
											</object>
										</transform>
										<transform name="leftshin">
											<set>
												<translate>0 36 -14</translate>
												<rotate>-30 1 0 0</rotate>
												<scale>3 30 3</scale>
											</set>
											<object instanceof="box">
												<material>
													<ambient>0.2 0.2 0.2</ambient>
													<diffuse>0.1 0.1 0.1</diffuse>
													<specular>0.4 0.4 0.4</specular>
													<shininess> 30 </shininess>
												</material>
											</object>
										</transform>
										<transform name="leftknee">
											<set>
												<translate>0 52 -20</translate>
												<scale>5 5 5</scale>
											</set>
											<object instanceof="sphere">
												<material>
													<ambient>0.2 0.2 0.2</ambient>
													<diffuse>0.1 0.1 0.1</diffuse>
													<specular>0.4 0.4 0.4</specular>
													<shininess> 30 </shininess>
												</material>
											</object>
										</transform>
									</group>
								</transform>
								<transform name="leftthigh">
									<set>
										<translate>0 61 -12.5</translate>
										<rotate>50 1 0 0</rotate>
										<scale>3 25 3</scale>
									</set>
									<object instanceof="box">
										<material>
											<ambient>0.2 0.2 0.2</ambient>
											<diffuse>0.1 0.1 0.1</diffuse>
											<specular>0.4 0.4 0.4</specular>
											<shininess> 30 </shininess>
										</material>
									</object>
								</transform>
								<transform name="lefthip">
									<set>
										<translate>0 70 -5</translate>
										<scale>5 5 5</scale>
									</set>
									<object instanceof="sphere">
										<material>
											<ambient>0.2 0.2 0.2</ambient>
											<diffuse>0.1 0.1 0.1</diffuse>
											<specular>0.4 0.4 0.4</specular>
											<shininess> 30 </shininess>
										</material>
									</object>
								</transform>
                            </group>
                        </transform>
                        <transform name="rightleg">
                            <set>
                                <translate>-10 0 0</translate>
                            </set>
                            <group>
								<transform name="rightlowerleg">
									<group>
										<transform name="rightfoot">
											<set>
												<translate>0 21 -2</translate>
												<scale>5 2 10</scale>
											</set>
											<object instanceof="box">
												<material>
													<ambient>0.2 0.2 0.2</ambient>
													<diffuse>0.1 0.1 0.1</diffuse>
													<specular>0.4 0.4 0.4</specular>
													<shininess> 30 </shininess>
												</material>
											</object>
										</transform>
										<transform name="rightankle">
											<set>
												<translate>0 23 -8</translate>
												<scale>3 3 3</scale>
											</set>
											<object instanceof="sphere">
												<material>
													<ambient>0.2 0.2 0.2</ambient>
													<diffuse>0.1 0.1 0.1</diffuse>
													<specular>0.4 0.4 0.4</specular>
													<shininess> 30 </shininess>
												</material>
											</object>
										</transform>
										<transform name="rightshin">
											<set>
												<translate>0 36 -14</translate>
												<rotate>-30 1 0 0</rotate>
												<scale>3 30 3</scale>
											</set>
											<object instanceof="box">
												<material>
													<ambient>0.2 0.2 0.2</ambient>
													<diffuse>0.1 0.1 0.1</diffuse>
													<specular>0.4 0.4 0.4</specular>
													<shininess> 30 </shininess>
												</material>
											</object>
										</transform>
										<transform name="rightknee">
											<set>
												<translate>0 52 -20</translate>
												<scale>5 5 5</scale>
											</set>
											<object instanceof="sphere">
												<material>
													<ambient>0.2 0.2 0.2</ambient>
													<diffuse>0.1 0.1 0.1</diffuse>
													<specular>0.4 0.4 0.4</specular>
													<shininess> 30 </shininess>
												</material>
											</object>
										</transform>
									</group>
								</transform>
								<transform name="rightthigh">
									<set>
										<translate>0 61 -12.5</translate>
										<rotate>50 1 0 0</rotate>
										<scale>3 25 3</scale>
									</set>
									<object instanceof="box">
										<material>
											<ambient>0.2 0.2 0.2</ambient>
											<diffuse>0.1 0.1 0.1</diffuse>
											<specular>0.4 0.4 0.4</specular>
											<shininess> 30 </shininess>
										</material>
									</object>
								</transform>
								<transform name="righthip">
									<set>
										<translate>0 70 -5</translate>
										<scale>5 5 5</scale>
									</set>
									<object instanceof="sphere">
										<material>
											<ambient>0.2 0.2 0.2</ambient>
											<diffuse>0.1 0.1 0.1</diffuse>
											<specular>0.4 0.4 0.4</specular>
											<shininess> 30 </shininess>
										</material>
									</object>
								</transform>
                            </group>
                        </transform>
                    </group>
                    <group name="upperbody">
                    	<transform name="upperbody-transform">
                    		<set>
                                <translate>0 75 -5</translate>
                            </set>
                            <group>
                                <transform name="pelvis">
                                    <set>
                                        <translate>0 0 0</translate>
                                        <rotate>90 0 0 1</rotate>
                                        <scale>5 30 20</scale>
                                    </set>
                                    <object instanceof="box">
                                        <material>
                                            <ambient>0.2 0.2 0.2</ambient>
											<diffuse>0.1 0.1 0.1</diffuse>
											<specular>0.4 0.4 0.4</specular>
											<shininess> 30 </shininess>
                                        </material>
                                    </object>
                                </transform>
								<transform name="torso-rotation">
									<group>
										<transform name="torso">
											<set>
												<translate>0 20 0</translate>
												<scale>26 36 26</scale>
											</set>
											<object instanceof="box" texture="walkertex">
												<material>
													<ambient>0.2 0.2 0.2</ambient>
													<diffuse>0.1 0.1 0.1</diffuse>
													<specular>0.4 0.4 0.4</specular>
													<shininess> 50 </shininess>
												</material>
											</object>
										</transform>
										<group name="leftgun">
											<transform name="leftgun-transform">
												<group>
													<transform name="leftgun-bearing">
														<set>
															<translate> 13 23 0</translate>
															<scale>4 4 4</scale>
														</set>
														<object instanceof="sphere">
															<material>
																<ambient>0.2 0.2 0.2</ambient>
																<diffuse>0.1 0.1 0.1</diffuse>
																<specular>0.4 0.4 0.4</specular>
																<shininess> 30 </shininess>
															</material>
														</object>
													</transform>
													<transform name="leftgun-barrel">
														<set>
															<translate>16 23 4</translate>
															<rotate>90 1 0 0</rotate>
															<scale>1 6 1</scale>
														</set>
														<light>
															<ambient>0.3 0.3 0.3 </ambient>
															<diffuse>0.1 0.1 0.1</diffuse>
															<specular>0.9 0.9 0.9 </specular>
															<position>50 50 50 </position>
														</light>
														<object instanceof="box">
															<material>
																<ambient>0.2 0.2 0.2</ambient>
																<diffuse>0.1 0.1 0.1</diffuse>
																<specular>0.4 0.4 0.4</specular>
																<shininess> 30 </shininess>
															</material>
														</object>
													</transform>
												</group>
											</transform>
										</group>
										<group>
											<transform name="rightgun-transform">
												<group>
													<transform name="rightgun-bearing">
														<set>
															<translate>-13 23 0</translate>
															<scale>4 4 4</scale>
														</set>
														<object instanceof="sphere">
															<material>
																<ambient>0.2 0.2 0.2</ambient>
																<diffuse>0.1 0.1 0.1</diffuse>
																<specular>0.4 0.4 0.4</specular>
																<shininess> 30 </shininess>
															</material>
														</object>
													</transform>
													<transform name="rightgun-barrel">
														<set>
															<translate>-16 23 4</translate>
															<rotate>90 1 0 0</rotate>
															<scale>1 6 1</scale>
														</set>
														<object instanceof="box">
															<material>
																<ambient>0.2 0.2 0.2</ambient>
																<diffuse>0.1 0.1 0.1</diffuse>
																<specular>0.4 0.4 0.4</specular>
																<shininess> 30 </shininess>
															</material>
														</object>
													</transform>
												</group>
											</transform>
										</group>
									</group>
								</transform>
                            </group>                           
                        </transform>
                    </group>
                </group> 
            </transform>
        </group>
    </transform>
</scene>
